review_id,review_text,gold_sentiment,prompt_version,llm_output,valid_json,pred_sentiment
S001,A masterpiece of modern cinema. The acting is flawless and the story deeply moving.,positive,v3_cot,"{""sentiment"": ""positive"", ""dominant_reason"": ""Strong praise for acting and emotional impact"", ""positive_clues"": [""masterpiece of modern cinema"", ""acting is flawless"", ""deeply moving""], ""negative_clues"": [], ""evidence_phrases"": [""masterpiece of modern cinema"", ""acting is flawless"", ""deeply moving""], ""confidence"": ""high""}",1,positive
S002,Absolutely terrible. Boring dialogue and weak plot. I fell asleep.,negative,v3_cot,"{""sentiment"": ""negative"", ""dominant_reason"": ""Clear criticism of both dialogue and story quality"", ""positive_clues"": [], ""negative_clues"": [""Absolutely terrible"", ""Boring dialogue"", ""weak plot""], ""evidence_phrases"": [""Boring dialogue"", ""weak plot""], ""confidence"": ""high""}",1,negative
S003,"The visuals are stunning and the director's vision is clear, but the pacing drags and the ending feels forced.",negative,v3_cot,"{""sentiment"": ""negative"", ""dominant_reason"": ""Visual praise outweighed by pacing and ending problems"", ""positive_clues"": [""visuals are stunning"", ""director's vision is clear""], ""negative_clues"": [""pacing drags"", ""ending feels forced""], ""evidence_phrases"": [""pacing drags"", ""ending feels forced""], ""confidence"": ""high""}",1,negative
S004,"A charming film with some flaws. The humor works well, yet the middle section loses momentum.",positive,v3_cot,"{""sentiment"": ""positive"", ""dominant_reason"": ""Charm and effective humor dominate despite middle pacing issue"", ""positive_clues"": [""charming film"", ""humor works well""], ""negative_clues"": [""middle section loses momentum""], ""evidence_phrases"": [""charming film"", ""humor works well""], ""confidence"": ""medium""}",1,positive
S005,"The cinematography is gorgeous, the acting is competent, but I didn't care about the characters at all.",negative,v3_cot,"{""sentiment"": ""negative"", ""dominant_reason"": ""Emotional disconnection from characters trumps visual quality"", ""positive_clues"": [""cinematography is gorgeous"", ""acting is competent""], ""negative_clues"": [""didn't care about the characters""], ""evidence_phrases"": [""didn't care about the characters""], ""confidence"": ""high""}",1,negative
S006,One of the best films I've seen. Every scene is carefully crafted and the performances are outstanding.,positive,v3_cot,"{""sentiment"": ""positive"", ""dominant_reason"": ""Consistently high praise across craft and performance dimensions"", ""positive_clues"": [""One of the best films"", ""Every scene is carefully crafted"", ""performances are outstanding""], ""negative_clues"": [], ""evidence_phrases"": [""Every scene is carefully crafted"", ""performances are outstanding""], ""confidence"": ""high""}",1,positive
S007,"I found this movie to be quite entertaining, though some plot points were predictable.",positive,v3_cot,"{""sentiment"": ""positive"", ""dominant_reason"": ""Overall entertainment value positive despite predictable elements"", ""positive_clues"": [""quite entertaining""], ""negative_clues"": [""some plot points were predictable""], ""evidence_phrases"": [""quite entertaining""], ""confidence"": ""medium""}",1,positive
S008,The film tries hard but ultimately fails to deliver. The script is weak and uninspired.,negative,v3_cot,"{""sentiment"": ""negative"", ""dominant_reason"": ""Weak script and lack of creative vision combine for failure"", ""positive_clues"": [], ""negative_clues"": [""tries hard but ultimately fails"", ""script is weak"", ""uninspired""], ""evidence_phrases"": [""script is weak"", ""uninspired""], ""confidence"": ""high""}",1,negative
S009,"Beautiful cinematography, strong direction, and a lead actor who carries the whole film on his shoulders. Truly special.",positive,v3_cot,"{""sentiment"": ""positive"", ""dominant_reason"": ""Multiple excellent elements work in concert"", ""positive_clues"": [""Beautiful cinematography"", ""strong direction"", ""lead actor who carries the whole film"", ""Truly special""], ""negative_clues"": [], ""evidence_phrases"": [""Beautiful cinematography"", ""strong direction"", ""lead actor who carries the whole film""], ""confidence"": ""high""}",1,positive
S010,"The story is confusing, the dialogue is awkward, and I'm not sure what the director intended.",negative,v3_cot,"{""sentiment"": ""negative"", ""dominant_reason"": ""Confusion and awkward dialogue despite uncertain intent"", ""positive_clues"": [], ""negative_clues"": [""story is confusing"", ""dialogue is awkward""], ""evidence_phrases"": [""story is confusing"", ""dialogue is awkward""], ""confidence"": ""medium""}",1,negative
S011,"While the movie has its moments, the overall experience was forgettable.",negative,v3_cot,"{""sentiment"": ""negative"", ""dominant_reason"": ""Moments exist but do not create lasting impression"", ""positive_clues"": [""has its moments""], ""negative_clues"": [""overall experience was forgettable""], ""evidence_phrases"": [""overall experience was forgettable""], ""confidence"": ""medium""}",1,negative
S012,"The chemistry between the leads is amazing, making even the slower moments feel meaningful.",positive,v3_cot,"{""sentiment"": ""positive"", ""dominant_reason"": ""Strong actor chemistry makes even slow moments engaging"", ""positive_clues"": [""chemistry between the leads is amazing"", ""slower moments feel meaningful""], ""negative_clues"": [], ""evidence_phrases"": [""chemistry between the leads is amazing""], ""confidence"": ""high""}",1,positive
S013,This looks like an expensive production with an empty narrative. Pretty but shallow.,negative,v3_cot,"{""sentiment"": ""negative"", ""dominant_reason"": ""Surface aesthetics mask hollow core"", ""positive_clues"": [""looks like an expensive production"", ""Pretty""], ""negative_clues"": [""empty narrative"", ""shallow""], ""evidence_phrases"": [""empty narrative"", ""shallow""], ""confidence"": ""high""}",1,negative
S014,A well-executed thriller that keeps you on the edge of your seat throughout.,positive,v3_cot,"{""sentiment"": ""positive"", ""dominant_reason"": ""Sustained tension and effective thriller mechanics"", ""positive_clues"": [""well-executed thriller"", ""keeps you on the edge of your seat""], ""negative_clues"": [], ""evidence_phrases"": [""well-executed thriller"", ""keeps you on the edge of your seat""], ""confidence"": ""high""}",1,positive
S015,"The film is clever without being pretentious, entertaining without being mindless, and emotionally resonant without being manipulative.",positive,v3_cot,"{""sentiment"": ""positive"", ""dominant_reason"": ""Sophisticated balance achieved across multiple quality dimensions"", ""positive_clues"": [""clever without being pretentious"", ""entertaining without being mindless"", ""emotionally resonant without being manipulative""], ""negative_clues"": [], ""evidence_phrases"": [""clever without being pretentious"", ""entertaining without being mindless"", ""emotionally resonant without being manipulative""], ""confidence"": ""high""}",1,positive
S016,"I appreciated the effort, but the movie ultimately didn't work for me. The pacing killed my interest.",negative,v3_cot,"{""sentiment"": ""negative"", ""dominant_reason"": ""Effort appreciated but execution failures dominate overall impression"", ""positive_clues"": [""appreciated the effort""], ""negative_clues"": [""didn't work for me"", ""pacing killed my interest""], ""evidence_phrases"": [""pacing killed my interest""], ""confidence"": ""high""}",1,negative
S017,"Honestly, this is one of the most painful films I've ever sat through. Every element felt wrong.",negative,v3_cot,"{""sentiment"": ""negative"", ""dominant_reason"": ""Complete failure with no redeeming elements"", ""positive_clues"": [], ""negative_clues"": [""most painful films"", ""Every element felt wrong""], ""evidence_phrases"": [""Every element felt wrong""], ""confidence"": ""high""}",1,negative
S018,The dialogue sparkles with wit. The characters feel real. The world feels lived-in. A genuine treasure.,positive,v3_cot,"{""sentiment"": ""positive"", ""dominant_reason"": ""Multiple sophisticated elements create genuine treasure"", ""positive_clues"": [""dialogue sparkles with wit"", ""characters feel real"", ""world feels lived-in"", ""genuine treasure""], ""negative_clues"": [], ""evidence_phrases"": [""dialogue sparkles with wit"", ""characters feel real"", ""world feels lived-in""], ""confidence"": ""high""}",1,positive
S019,"The movie looked impressive visually, and there were some good ideas, but the execution was muddled and the ending nonsensical.",negative,v3_cot,"{""sentiment"": ""negative"", ""dominant_reason"": ""Good ideas and visuals cannot overcome execution failures"", ""positive_clues"": [""movie looked impressive visually"", ""some good ideas""], ""negative_clues"": [""execution was muddled"", ""ending nonsensical""], ""evidence_phrases"": [""execution was muddled"", ""ending nonsensical""], ""confidence"": ""high""}",1,negative
S020,"A rare film that understands both humor and heartbreak, delivering something that feels both fresh and timeless.",positive,v3_cot,"{""sentiment"": ""positive"", ""dominant_reason"": ""Rare achievement of emotional balance with fresh yet timeless quality"", ""positive_clues"": [""understands both humor and heartbreak"", ""feels both fresh and timeless""], ""negative_clues"": [], ""evidence_phrases"": [""understands both humor and heartbreak"", ""feels both fresh and timeless""], ""confidence"": ""high""}",1,positive
S021,"I honestly found this movie to be quite terrible. The acting is amateur, the plot is nonsense, and it drags on forever.",negative,v3_cot,"{""sentiment"": ""negative"", ""dominant_reason"": ""Multiple severe failures in acting, plot, and pacing"", ""positive_clues"": [], ""negative_clues"": [""quite terrible"", ""acting is amateur"", ""plot is nonsense"", ""drags on forever""], ""evidence_phrases"": [""acting is amateur"", ""plot is nonsense"", ""drags on forever""], ""confidence"": ""high""}",1,negative
S022,"The director shows promise in the first act, but loses the thread entirely by the middle, leaving the finale a confusing mess.",negative,v3_cot,"{""sentiment"": ""negative"", ""dominant_reason"": ""Director loses control after first act with confusing climax"", ""positive_clues"": [""shows promise in the first act""], ""negative_clues"": [""loses the thread entirely"", ""finale a confusing mess""], ""evidence_phrases"": [""loses the thread entirely"", ""finale a confusing mess""], ""confidence"": ""medium""}",1,negative
S023,"A movie that knows exactly what it is and executes with precision. Not profound, but utterly satisfying.",positive,v3_cot,"{""sentiment"": ""positive"", ""dominant_reason"": ""Clear vision executed with precision and purpose"", ""positive_clues"": [""knows exactly what it is"", ""executes with precision"", ""utterly satisfying""], ""negative_clues"": [""Not profound""], ""evidence_phrases"": [""knows exactly what it is"", ""executes with precision""], ""confidence"": ""high""}",1,positive
S024,The performances are so wooden and the dialogue so cringeworthy that I had to leave the theater early.,negative,v3_cot,"{""sentiment"": ""negative"", ""dominant_reason"": ""Acting and dialogue so poor that viewing became physically painful"", ""positive_clues"": [], ""negative_clues"": [""performances are so wooden"", ""dialogue so cringeworthy"", ""had to leave the theater""], ""evidence_phrases"": [""performances are so wooden"", ""dialogue so cringeworthy""], ""confidence"": ""high""}",1,negative
S025,"While the film has deeper themes to explore, it instead opts for lazy storytelling and convenient plot devices.",negative,v3_cot,"{""sentiment"": ""negative"", ""dominant_reason"": ""Potential themes abandoned for lazy execution and plot convenience"", ""positive_clues"": [""has deeper themes to explore""], ""negative_clues"": [""opts for lazy storytelling"", ""convenient plot devices""], ""evidence_phrases"": [""lazy storytelling"", ""convenient plot devices""], ""confidence"": ""high""}",1,negative
